original,mogrified
APR2,2-Apr
APR2,4/2
APR2,04/02
APR2,4/02                                                                                                                                                                       
APR2,04/2
APR2,04-2
APR2,04-02
APR2,4-2
APR2,4-02
FEB1,1-Feb
FEB1,2/1
FEB1,02/01
FEB1,2/01
FEB1,02/1
FEB1,02-1
FEB1,02-01
FEB1,2-1
FEB1,2-01
FEB10,10-Feb
FEB10,2/10
FEB10,02/10
FEB10,2/10
FEB10,02-10
FEB10,2-10
FEB2,2-Feb
FEB2,2/2
FEB2,02/02
FEB2,2/02
FEB2,02/2
FEB2,02-2
FEB2,02-02
FEB2,2-2
FEB2,2-02
FEB5,5-Feb
FEB5,2/5
FEB5,02/05
FEB5,2/05
FEB5,02/5
FEB5,02-5
FEB5,02-05
FEB5,2-5
FEB5,2-05
FEB6,6-Feb
FEB6,2/6
FEB6,02/06
FEB6,2/06
FEB6,02/6
FEB6,02-6
FEB6,02-06
FEB6,2-6
FEB6,2-06
FEB7,7-Feb
FEB7,2/7
FEB7,02/07
FEB7,2/07
FEB7,02/7
FEB7,02-7
FEB7,02-07
FEB7,2-7
FEB7,2-07
FEB9,9-Feb
FEB9,2/9
FEB9,02/09
FEB9,2/09
FEB9,02/9
FEB9,02-9
FEB9,02-09
FEB9,2-9
FEB9,2-09
MARCH1,1-Mar
MARCH1,3/1
MARCH1,03/01
MARCH1,3/01
MARCH1,03/1
MARCH1,03-1
MARCH1,03-01
MARCH1,3-1
MARCH1,3-01
MARCH10,10-Mar
MARCH10,3/10
MARCH10,03/10
MARCH10,03-10
MARCH10,3-10
MARCH11,11-Mar
MARCH11,3/11
MARCH11,03/11
MARCH11,03-11
MARCH11,3-11
MARCH2,2-Mar
MARCH2,3/2
MARCH2,3/02
MARCH2,03/02
MARCH2,03/2
MARCH2,03-2
MARCH2,03-02
MARCH2,3-2
MARCH2,3-02
MARCH3,3-Mar
MARCH3,3/3
MARCH3,03/03
MARCH3,3/03
MARCH3,03/3
MARCH3,03-3
MARCH3,03-03
MARCH3,3-3
MARCH3,3-03
MARCH4,4-Mar
MARCH4,3/4
MARCH4,03/04
MARCH4,3/04
MARCH4,03/4
MARCH4,03-4
MARCH4,03-04
MARCH4,3-4
MARCH4,3-04
MARCH5,5-Mar
MARCH5,3/5
MARCH5,03/05
MARCH5,3/05
MARCH5,03/5
MARCH5,03-5
MARCH5,03-05
MARCH5,3-5
MARCH5,3-05
MARCH6,6-Mar
MARCH6,3/6
MARCH6,03/06
MARCH6,3/06
MARCH6,03/6
MARCH6,03-6
MARCH6,03-06
MARCH6,3-6
MARCH6,3-06
MARCH7,7-Mar
MARCH7,3/7
MARCH7,03/07
MARCH7,3/07
MARCH7,03/7
MARCH7,03-7
MARCH7,03-07
MARCH7,3-7
MARCH7,3-07
MARCH8,8-Mar
MARCH8,3/8
MARCH8,03/08
MARCH8,3/08
MARCH8,03/8
MARCH8,03-8
MARCH8,03-08
MARCH8,3-8
MARCH8,3-08
MARCH9,9-Mar
MARCH9,3/9
MARCH9,03/09
MARCH9,3/09
MARCH9,03/9
MARCH9,03-9
MARCH9,03-09
MARCH9,3-9
MARCH9,3-09
SEP15,15-Sep
SEP15,9/15
SEP15,09/15
SEP15,09-15
SEP15,9-15
SEPT1,1-Sep
SEPT1,9/1
SEPT1,09/01
SEPT1,9/01
SEPT1,09/1
SEPT1,09-1
SEPT1,09-01
SEPT1,9-1
SEPT1,9-01
SEPT10,10-Sep
SEPT10,9/10
SEPT10,09/10
SEPT10,09-10
SEPT10,9-10
SEPT11,11-Sep
SEPT11,9/11
SEPT11,09/11
SEPT11,09-11
SEPT11,9-11
SEPT12,12-Sep
SEPT12,9/12
SEPT12,09/12
SEPT12,09-12
SEPT12,9-12
SEPT13,13-Sep
SEPT13,9/13
SEPT13,09/13
SEPT13,09-13
SEPT13,9-13
SEPT14,14-Sep
SEPT14,9/14
SEPT14,09/14
SEPT14,09-14
SEPT14,9-14
SEPT2,2-Sep
SEPT2,9/2
SEPT2,09/02
SEPT2,9/02
SEPT2,09/2
SEPT2,09-2
SEPT2,09-02
SEPT2,9-2
SEPT2,9-02
SEPT3,3-Sep
SEPT3,9/3
SEPT3,09/03
SEPT3,9/03
SEPT3,09/3
SEPT3,09-3
SEPT3,09-03
SEPT3,9-3
SEPT3,9-03
SEPT4,4-Sep
SEPT4,9/4
SEPT4,9/04
SEPT4,09/04
SEPT4,09/4
SEPT4,09-4
SEPT4,09-04
SEPT4,9-4
SEPT4,9-04
SEPT5,5-Sep
SEPT5,9/5
SEPT5,9/05
SEPT5,09/05
SEPT5,09/5
SEPT5,09-5
SEPT5,09-05
SEPT5,9-5
SEPT5,9-05
SEPT6,6-Sep
SEPT6,9/6
SEPT6,09/06
SEPT6,9/06
SEPT6,09/6
SEPT6,09-6
SEPT6,09-06
SEPT6,9-6
SEPT6,9-06
SEPT7,7-Sep
SEPT7,9/7
SEPT7,09/07
SEPT7,9/07
SEPT7,09/7
SEPT7,09-7
SEPT7,09-07
SEPT7,9-7
SEPT7,9-07
SEPT8,8-Sep
SEPT8,9/8
SEPT8,09/08
SEPT8,9/08
SEPT8,09/8
SEPT8,09-8
SEPT8,09-08
SEPT8,9-8
SEPT8,9-08
SEPT9,9-Sep
SEPT9,9/9
SEPT9,09/09
SEPT9,9/09
SEPT9,09/9
SEPT9,09-9
SEPT9,09-09
SEPT9,9-9
SEPT9,9-09
DEC1,1-Dec
DEC1,12/1
DEC1,12/01
DEC1,12-01
DEC1,12-1
POU5F1,4-Oct
POU5F1,10/4
POU5F1,10-4
POU5F1,10/04
POU5F1,10-04
POU5F1,3-Oct
POU5F1,10/3
POU5F1,10-3
POU5F1,10/03
POU5F1,10-03
