mRNA_names,Entrez_IDs
BNC2,54796
C1ORF135,79000
C1ORF172,126695
CDCA3,83461
DLC1,10395
ERG,2078
FRMD6,122786
MAF,4094
NR3C1,2908
SGK269,79834
SSU72,29101
TCF4,6925
ZCCHC24,219654
ZEB1,6935
ZEB2,9839
AFF1,4299
AURKB,9212
BCL11A,53335
CCDC77,84318
CDC123,8872
CDC45,8318
CDCA8,55143
CENPA,1058
CTPS,1503
DNAL1,83544
EZH2,2146
FAM136A,84908
FAM64A,54478
FANCE,2178
FBXL5,26234
FOXA1,3169
FOXM1,2305
FYCO1,79443
HDGF,3068
HMGA1,3159
KIF2C,11004
KIFC1,3833
LIMA1,51474
LMNB2,84823
LRIG1,26018
MCM7,4176
NASP,4678
NCAPD2,9918
NDUFAF4,29078
NEK9,91754
NOP2,4839
NRTN,4902
PDSS1,23590
PIF1,80119
PLK1,5347
RAB5B,5869
RAD54L,8438
RBM17,84991
RNF8,9025
RPIA,22934
SEPHS1,22929
STMN1,3925
SUV39H2,79723
TAF5,6877
TMBIM6,7009
TTK,7272
YBX1,4904
ZBTB4,57659
AFF4,27125
BIRC5,332
C5ORF41,153222
CHIC1,53344
CPEB3,22849
DAZAP1,26528
DNAJC16,23341
FAM72B,653820
GALNT10,55568
ILF3,3609
IQGAP3,128239
KIAA0247,9766
SLC39A9,55334
TADA2B,93624
TMEM127,55654
TPX2,22974
AHNAK,79026
ANO6,196527
ATXN1,6310
ELAVL1,1994
GIT2,9815
HEG1,57493
KIAA1462,57608
MEX3A,92312
RAB8B,51762
RTKN,6242
TIMP2,7077
ZFPM2,23414
ZMAT3,64393
APBB2,323
CEP120,153241
CRY2,1408
FCHO2,115548
KHSRP,8570
KIAA0232,9778
KIAA0494,9813
NTN4,59277
RABEP1,9135
RUNDC1,146923
ZFYVE16,9765
ARHGAP1,392
ATG2B,55102
ELK3,2004
GRLF1,2909
HBP1,26959
IL6ST,3572
SLC24A2,25769
SPOPL,339745
XIAP,331
C16ORF72,29035
C9ORF5,23731
GCC2,9648
GOLGA1,2800
KIAA0831,22863
PLSCR4,57088
PPM1A,5494
PURA,5813
SNRK,54861
TBC1D9,23158
TRIP11,9321
AGER,177
AMMECR1L,83607
ARHGEF1,9138
CALU,813
CBX7,23492
CCDC88B,283234
CCL19,6363
CCR7,1236
CD37,951
CD3E,916
CD79A,973
CD79B,974
CLEC2D,29121
CPT1B,1375
CTRL,1506
DEF6,50619
DENND1C,79958
EBI3,10148
ENTPD7,57089
FCRLA,84824
FERMT2,10979
GIMAP5,55340
GLYCTK,132158
GRAP,10750
HDAC5,10014
JMJD7-PLA2G4B,8681
KPNA1,3836
LAT,27040
LUZP1,7798
NOL12,79159
OCM,654231
PABPN1,8106
PHF1,5252
PRKG1,5592
PTPN6,5777
RASGRP2,10235
SBNO1,55206
SEPT1,1731
SFRS2IP,9169
SLC25A28,81894
STRN,6801
TBC1D10C,374403
TCL1A,8115
TMC8,147138
TNFRSF25,8718
UBFD1,56061
VPREB3,29802
WAS,7454
ZNF276,92822
ARHGAP20,57569
COL4A3BP,10087
CRTAP,10491
DIXDC1,85458
DPY30,84661
DVL1,1855
LCA5,167691
MLF2,8079
PPAP2B,8613
RECK,8434
RUNX1T1,862
SNRPA,6626
WDR8,49856
ZFHX4,79776
ZNF423,23090
BMPR2,659
EPB41L5,57669
ERBB3,2065
FAM102A,399665
FEM1C,56929
MKL2,57496
SAR1B,51128
SLC48A1,55652
TMEM25,84866
TSHZ3,57616
ANP32E,81611
CDC25A,993
CDCA7,83879
CHST15,51363
DBF4,10926
DLGAP5,9787
DNAJC2,27000
E2F3,1871
EIF4E3,317649
FBXO5,26271
FOXP1,27086
KIAA0141,9812
MAP3K12,7786
MCM10,55388
MSH2,4436
NCAPG,64151
NOP58,51602
NUDT5,11164
PRICKLE2,166336
RAD51AP1,10635
SFRS13B,135295
SYBU,55638
TMEM9B,56674
TMSB15B,286527
TOM1L2,146691
VRK1,7443
ZBTB7B,51043
AGTPBP1,23287
ANKRA2,57763
BCL2L1,598
C21ORF91,54149
C9ORF7,11094
CCDC82,79780
CHRD,8646
DCLRE1C,64421
DSCC1,79075
ERGIC1,57222
ESYT3,83850
FAM123B,139285
FAM171A1,221061
GPR137,56834
IFRD1,3475
KCNJ11,3767
MCART6,401612
MEF2D,4209
MEIS3,56917
MPP6,51678
MTBP,27085
NIP7,51388
PRKX,5613
PSAT1,29968
PTPN2,5771
RIOK1,83732
RIPK2,8767
SEMA3F,6405
SRPK1,6732
TAF4B,6875
TRIM41,90933
AFF3,3899
C18ORF1,753
CDC7,8317
CENPO,79172
CPEB4,80315
DMXL1,1657
FBXL17,64839
FNIP1,96459
H2AFZ,3015
KIF4A,24137
MAP2K4,6416
MND1,84057
MSL3,10943
NCAPH,23397
ORC6L,23594
PAK1IP1,55003
PHF19,26147
PSMB2,5690
RANBP1,5902
RCC2,55920
TAF11,6882
TIMM8A,1678
UPF3B,65109
BECN1,8678
C14ORF28,122525
CYBRD1,79901
F2R,2149
PAFAH2,5051
SNX9,51429
UEVLD,55293
VPS13C,54832
WFS1,7466
ZBTB7A,51341
BRIX1,55299
CCNA2,890
CHAC2,494143
CTDSPL,10217
EXO1,9156
GIGYF2,26058
IGF1,3479
LRRFIP1,9208
NDFIP1,80762
ORC1L,4998
RUNX1,861
SKA1,220134
SNRPG,6637
TRIP13,9319
DACT1,51339
FSTL1,11167
KANK2,25959
LATS2,26524
LHFP,10186
LOX,4015
LRP1,4035
OSTM1,28962
PIP4K2A,5305
PRDM1,639
SEC23A,10484
SLC6A6,6533
WIPF1,7456
C6ORF120,387263
LASS6,253782
LYSMD3,116068
MIER3,166968
PSEN1,5663
RYBP,23429
SETD7,80854
SMAD5,4090
TAPT1,202018
TGOLN2,10618
AURKA,6790
BUB1B,701
C12ORF48,55010
CCNE2,9134
CLCN6,1185
COL6A3,1293
CXCL12,6387
FAM72A,729533
FAM73B,84895
KIF11,3832
KIF14,9928
KIF20A,10112
KIF23,9493
LMNB1,4001
MAFB,9935
MTHFD2,10797
NEIL3,55247
NUSAP1,51203
PIK3IP1,113791
PRKAB1,5564
RAI2,10742
S1PR1,1901
SGOL1,151648
STARD13,90627
TMPO,7112
TOPBP1,11073
TXNIP,10628
ARID4A,5926
ATG16L1,55054
FNDC3A,22862
MAP3K1,4214
NHLRC3,387921
PRDM2,7799
RB1,5925
RORC,6097
SLC46A3,283537
ZFYVE26,23503
ARHGEF12,23365
C10ORF32,119032
C5ORF34,375444
CDK2AP1,8099
MEMO1,51072
PHF15,23338
PJA2,9867
RERE,473
SPRYD3,84926
TTLL4,9654
UCK2,7371
BTBD7,55727
FBXW11,23291
ITPRIPL2,162073
KLHL28,54813
MYLIP,29116
NBEA,26960
TGFBR2,7048
TP53INP1,94241
WDFY3,23001
C20ORF103,24141
CCNG2,901
PLEKHA3,65977
RAB11FIP5,26056
SYTL4,94121
TBC1D20,128637
TMEM50B,757
TNS1,7145
TRIM8,81603
ZNF597,146434
ARL1,400
BNIP3L,665
CROT,54677
DAB2,1601
GBF1,8729
IQSEC1,9922
JAK1,3716
MARCH8,220972
TRIM66,9866
ZNF25,219749
ACP1,52
ARMC10,83787
BACH2,60468
C12ORF11,55726
C15ORF23,90417
CELF2,10659
CHCHD3,54927
CPSF3,51692
EBF1,1879
EPCAM,4072
FBXL14,144699
FOXN3,1112
FOXO1,2308
MKRN1,23608
MRPL19,9801
MRPS33,51650
NUP205,23165
ORC5L,5001
PDGFRA,5156
PTCD3,55037
PUS7,54517
ST3GAL2,6483
TSHZ2,128553
ZNF3,7551
ACVR1B,91
DCUN1D3,123879
EEA1,8411
FRMD4B,23150
FZD4,8322
GNS,2799
MAPK9,5601
PHC3,80012
RUFY2,55680
YPEL2,388403
