mRNA,microRNA,T_CC,T_P,T_FDR,N_CC,N_P,N_FDR,Targetprofiler,Targetscan,MiRanda,mRNA_FC,miRNA_FC
CNTN4,hsa-mir-92b,-0.19772225,0.007137306,0.076972074,0.878316674,0.000374564,0.055013467,targetprofiler-Yes,targetscan-NO,miRanda-NO,0.283255981,2.685423574
TULP3,hsa-mir-200c,0.383483627,7.73E-08,1.06E-05,-0.888421733,0.000257432,0.047393975,targetprofiler-NO,targetscan-Yes,miRanda-NO,1.201811627,1.19680443
RUNX1,hsa-mir-625,-0.342597116,1.93E-06,0.00015417,0.891518161,0.000227861,0.045039,targetprofiler-Yes,targetscan-Yes,miRanda-NO,1.839000854,0.748699413
GLI3,hsa-mir-140,-0.287091186,7.77E-05,0.002892629,0.852364738,0.00085971,0.076400308,targetprofiler-NO,targetscan-Yes,miRanda-NO,1.365297181,0.86661335
PTRF,hsa-mir-1287,-0.244334693,0.000830164,0.017057763,0.866063109,0.000566287,0.064765034,targetprofiler-NO,targetscan-Yes,miRanda-NO,0.473640236,1.232791278
ATP2C1,hsa-mir-148b,-0.226327677,0.002006133,0.03210579,0.847018575,0.001000805,0.081771787,targetprofiler-Yes,targetscan-NO,miRanda-NO,1.674661101,1.124342212
IRAK2,hsa-mir-944,-0.269493886,0.000216144,0.006326198,0.916391962,7.32E-05,0.028273712,targetprofiler-NO,targetscan-Yes,miRanda-NO,3.147342572,12.05602106
GPN3,hsa-mir-15b,0.257637519,0.000414397,0.010255289,-0.834089988,0.001413698,0.094243184,targetprofiler-Yes,targetscan-NO,miRanda-NO,1.508202215,3.540829518
C17orf51,hsa-mir-1293,0.293895928,5.14E-05,0.002105477,-0.893099102,0.000213798,0.043717622,targetprofiler-NO,targetscan-Yes,miRanda-NO,0.513475005,10.37939303
RHPN2,hsa-mir-154,-0.231596529,0.001560251,0.02682738,0.903509841,0.000136927,0.036243103,targetprofiler-Yes,targetscan-Yes,miRanda-NO,1.283732441,1.314379336
BCAS1,hsa-mir-301a,-0.234465768,0.001357451,0.024307629,0.887658527,0.000265149,0.048012165,targetprofiler-Yes,targetscan-NO,miRanda-NO,0.302956812,3.112413009
TESC,hsa-mir-136,-0.221858304,0.002472118,0.03720099,0.842373706,0.001136945,0.086109466,targetprofiler-NO,targetscan-NO,miRanda-Yes,0.676424852,0.694714543
TNFRSF6B,hsa-mir-152,-0.264339273,0.000287904,0.007823873,0.876207443,0.000403401,0.05675051,targetprofiler-NO,targetscan-NO,miRanda-Yes,7.212475187,1.55751113
DCP1A,hsa-mir-145,-0.204232714,0.005421867,0.063981493,0.887389844,0.000267907,0.048199019,targetprofiler-NO,targetscan-Yes,miRanda-NO,0.931602652,0.334342395
SPIN1,hsa-mir-140,-0.223221334,0.002320537,0.035571071,0.874003498,0.000435299,0.058279251,targetprofiler-NO,targetscan-Yes,miRanda-NO,0.94505056,0.86661335
RALGPS1,hsa-mir-136,-0.208949281,0.0044203,0.055654122,0.863806666,0.000608428,0.066547696,targetprofiler-NO,targetscan-NO,miRanda-Yes,0.541239401,0.694714543
CD2AP,hsa-mir-301a,-0.199608036,0.006596525,0.072996725,0.844906978,0.001061079,0.083698917,targetprofiler-Yes,targetscan-NO,miRanda-NO,1.447259893,3.112413009
C9orf4,hsa-mir-183,0.239486992,0.00105962,0.020336978,-0.844826346,0.001063434,0.083804369,targetprofiler-NO,targetscan-NO,miRanda-Yes,0.084760803,3.100266043
CYP4F12,hsa-mir-27a,-0.19891858,0.006789848,0.074432158,0.837850529,0.001282449,0.09057336,targetprofiler-Yes,targetscan-NO,miRanda-NO,0.583898662,2.612916732
NRP2,hsa-mir-320a,-0.281782161,0.000106604,0.003693298,0.854420828,0.000809646,0.074608083,targetprofiler-Yes,targetscan-NO,miRanda-NO,0.544977639,1.560294983
ACBD5,hsa-mir-376c,-0.197219619,0.00728795,0.078095124,0.844569004,0.001070974,0.083987456,targetprofiler-NO,targetscan-Yes,miRanda-NO,1.274938997,1.121976426
HDGFRP3,hsa-mir-140,-0.256840442,0.000432466,0.010594676,0.849455523,0.000934487,0.079264173,targetprofiler-NO,targetscan-Yes,miRanda-NO,1.121437878,0.86661335
ERN2,hsa-mir-154,-0.230304959,0.001660271,0.02807124,0.916983215,7.10E-05,0.027980087,targetprofiler-NO,targetscan-NO,miRanda-Yes,0.73811448,1.314379336
ERN1,hsa-mir-130b,-0.198355272,0.00695153,0.075616109,0.860633214,0.000671653,0.069421249,targetprofiler-Yes,targetscan-NO,miRanda-NO,0.418750227,1.651906731
EPS8L3,hsa-mir-136,-0.244033884,0.00084295,0.017246956,0.86066796,0.000670935,0.069381469,targetprofiler-NO,targetscan-NO,miRanda-Yes,2.350715338,0.694714543
RUNX1,hsa-mir-1976,-0.212783441,0.003732242,0.049556473,0.84102693,0.001178899,0.087407411,targetprofiler-NO,targetscan-Yes,miRanda-NO,1.839000854,1.805161397
CD2AP,hsa-mir-154,-0.194220545,0.008247043,0.084802822,0.928156803,3.77E-05,0.020970484,targetprofiler-NO,targetscan-Yes,miRanda-NO,1.447259893,1.314379336
LRP3,hsa-mir-183,0.192230458,0.008943755,0.089486116,-0.856786155,0.000754807,0.072671229,targetprofiler-NO,targetscan-Yes,miRanda-NO,0.732500986,3.100266043
DTNB,hsa-mir-181c,0.265077832,0.000276415,0.007589982,-0.856635217,0.00075822,0.072784918,targetprofiler-Yes,targetscan-NO,miRanda-NO,0.887438034,1.662489873
SIGLEC6,hsa-mir-939,-0.227563299,0.00189224,0.030808628,0.851710085,0.000876129,0.077092879,targetprofiler-NO,targetscan-Yes,miRanda-NO,0.376376351,1.755334947
TRADD,hsa-mir-18a,-0.254167259,0.000498526,0.011763458,0.832718463,0.001463986,0.095559266,targetprofiler-NO,targetscan-NO,miRanda-Yes,1.138695655,4.250897258
DDX58,hsa-mir-31,0.246031285,0.000761331,0.016029643,-0.851716724,0.000875961,0.077092879,targetprofiler-Yes,targetscan-Yes,miRanda-NO,1.921115392,1.899395294
KLHL24,hsa-mir-149,0.282572532,0.00010175,0.003561365,-0.842353818,0.001137556,0.086122917,targetprofiler-Yes,targetscan-Yes,miRanda-NO,1.082399695,3.370328702
VTI1A,hsa-mir-224,-0.251678856,0.000568288,0.012948435,0.849885155,0.000923147,0.078815599,targetprofiler-NO,targetscan-Yes,miRanda-NO,1.05510851,13.14568861
DDB1,hsa-mir-185,0.233931269,0.001393297,0.024776252,-0.853375103,0.000834826,0.075678059,targetprofiler-Yes,targetscan-Yes,miRanda-NO,1.088980541,2.31295726
STK17B,hsa-mir-200c,-0.259531195,0.000374236,0.009518342,0.881503231,0.000333995,0.052527414,targetprofiler-NO,targetscan-Yes,miRanda-NO,1.31263402,1.19680443
GPLD1,hsa-mir-651,0.215036874,0.003374441,0.046157126,-0.832666106,0.001465932,0.095604198,targetprofiler-NO,targetscan-Yes,miRanda-NO,0.605539237,1.74938026
FAM190B,hsa-mir-618,-0.205224437,0.005195815,0.062192843,0.930574479,3.24E-05,0.019798108,targetprofiler-Yes,targetscan-NO,miRanda-NO,0.553274365,3.013765832
CORO1C,hsa-mir-140,-0.402291609,1.51E-08,2.65E-06,0.850115894,0.0009171,0.078663566,targetprofiler-NO,targetscan-Yes,miRanda-NO,1.001495823,0.86661335
SLC39A9,hsa-mir-96,-0.193957272,0.008336359,0.085405615,0.830883337,0.001533355,0.097645187,targetprofiler-NO,targetscan-Yes,miRanda-NO,0.929789905,2.075120976
HECTD2,hsa-mir-618,-0.190939435,0.00942315,0.0925877,0.869336579,0.000509119,0.061980748,targetprofiler-NO,targetscan-Yes,miRanda-NO,0.584393174,3.013765832
PDCD6IP,hsa-mir-205,-0.191301303,0.009286537,0.091726507,0.831340432,0.001515851,0.097082815,targetprofiler-NO,targetscan-Yes,miRanda-NO,0.788046561,9.982574008
SLC4A3,hsa-mir-140,-0.189020852,0.010177574,0.097360204,0.902437009,0.000143684,0.036870465,targetprofiler-NO,targetscan-Yes,miRanda-NO,0.57751875,0.86661335
PPA1,hsa-mir-224,-0.272427173,0.000183137,0.005587999,0.832641013,0.001466865,0.095628852,targetprofiler-Yes,targetscan-NO,miRanda-NO,1.754714246,13.14568861
TARBP2,hsa-mir-99b,0.327560566,5.66E-06,0.000368688,-0.919047778,6.36E-05,0.026579212,targetprofiler-NO,targetscan-NO,miRanda-Yes,1.474195715,0.992863821
LY75,hsa-mir-34b,-0.208790166,0.004451172,0.055916264,0.837261738,0.001302369,0.09112451,targetprofiler-NO,targetscan-Yes,miRanda-NO,2.413302169,11.1402919
NLGN2,hsa-mir-140,-0.202233151,0.005904596,0.067781248,0.918817041,6.44E-05,0.026697976,targetprofiler-NO,targetscan-Yes,miRanda-NO,0.8580351,0.86661335
C20orf46,hsa-mir-10b,0.221368441,0.002528753,0.037798473,-0.831027414,0.001527821,0.09745128,targetprofiler-NO,targetscan-NO,miRanda-Yes,1.793593061,0.98358182
EHD2,hsa-mir-140,-0.251661872,0.000568794,0.01295709,0.858821749,0.000709896,0.070907706,targetprofiler-NO,targetscan-Yes,miRanda-NO,0.708107029,0.86661335
HOMER2,hsa-mir-30b,-0.199370261,0.006662635,0.073490456,0.865881916,0.000569587,0.064914314,targetprofiler-NO,targetscan-NO,miRanda-Yes,0.256204697,0.712822982
QKI,hsa-mir-1287,-0.259380505,0.000377295,0.009579048,0.889503664,0.000246787,0.046689496,targetprofiler-Yes,targetscan-Yes,miRanda-NO,0.958948754,1.232791278
CASP2,hsa-mir-181d,0.200849415,0.006260786,0.070469329,-0.84345206,0.001104169,0.085186977,targetprofiler-Yes,targetscan-NO,miRanda-NO,1.771726244,1.671290832
SAMD12,hsa-mir-154,-0.197756681,0.007127089,0.076899714,0.840328753,0.0012011,0.088202374,targetprofiler-NO,targetscan-Yes,miRanda-NO,1.434620119,1.314379336
FUT4,hsa-mir-136,-0.224238293,0.002212996,0.0344446,0.845694202,0.001038298,0.082979242,targetprofiler-NO,targetscan-Yes,miRanda-NO,1.653979268,0.694714543
PDE7A,hsa-mir-561,-0.192099505,0.008991378,0.089777497,0.930369776,3.28E-05,0.019920438,targetprofiler-Yes,targetscan-Yes,miRanda-NO,1.04475884,0.692016381
SH3BGRL2,hsa-mir-136,-0.292190563,5.71E-05,0.002282263,0.839745666,0.001219881,0.088684755,targetprofiler-Yes,targetscan-Yes,miRanda-NO,0.389378716,0.694714543
NEK1,hsa-mir-224,0.211071547,0.004026538,0.052222179,-0.857108686,0.000747552,0.0724331,targetprofiler-NO,targetscan-Yes,miRanda-NO,0.549666364,13.14568861
SLC35A1,hsa-mir-376b,-0.21558128,0.003292783,0.045403685,0.849262472,0.000939616,0.079375569,targetprofiler-NO,targetscan-NO,miRanda-Yes,0.930812553,1.509962875
FYTTD1,hsa-mir-182,0.217344253,0.003040452,0.042956042,-0.883294504,0.000312706,0.051102193,targetprofiler-NO,targetscan-Yes,miRanda-NO,1.274937766,1.722221601
ZDHHC6,hsa-mir-136,-0.254366198,0.000493306,0.011673259,0.941534658,1.52E-05,0.014404839,targetprofiler-NO,targetscan-Yes,miRanda-Yes,1.134239014,0.694714543
ATP2C1,hsa-mir-429,-0.261393721,0.000338283,0.008821264,0.857655949,0.000735362,0.071948622,targetprofiler-NO,targetscan-NO,miRanda-Yes,1.674661101,1.153751207
AEBP2,hsa-mir-141,0.363591933,3.91E-07,4.13E-05,-0.838127171,0.001273169,0.090329345,targetprofiler-NO,targetscan-Yes,miRanda-NO,1.461872071,1.456361288
PTGFRN,hsa-mir-140,-0.285618697,8.49E-05,0.00309378,0.925439275,4.43E-05,0.022543149,targetprofiler-NO,targetscan-Yes,miRanda-NO,1.63009956,0.86661335
SNX18,hsa-mir-643,-0.217355443,0.003038908,0.042942735,0.838280693,0.00126804,0.090212068,targetprofiler-NO,targetscan-Yes,miRanda-NO,0.586580707,2.243865754
IMPAD1,hsa-mir-140,-0.21209525,0.003848137,0.050638317,0.891149171,0.000231242,0.045214031,targetprofiler-NO,targetscan-Yes,miRanda-NO,0.940804908,0.86661335
PLXNB3,hsa-mir-10a,-0.220759036,0.00260085,0.038530673,0.898724244,0.000169045,0.039474349,targetprofiler-NO,targetscan-NO,miRanda-Yes,1.366940324,0.82091333
RTKN2,hsa-mir-224,-0.208747661,0.004459452,0.055985088,0.926383465,4.19E-05,0.022014355,targetprofiler-NO,targetscan-Yes,miRanda-NO,2.807311672,13.14568861
PLEKHG4B,hsa-mir-592,-0.240309994,0.001016962,0.019745996,0.844177486,0.001082523,0.084429065,targetprofiler-NO,targetscan-Yes,miRanda-NO,2.605177638,1.696755222
SAMD5,hsa-mir-203,-0.198439063,0.006927265,0.075430096,0.902899384,0.000140741,0.036574838,targetprofiler-NO,targetscan-Yes,miRanda-NO,1.291123038,1.38499678
PON2,hsa-mir-23a,-0.199639257,0.006587888,0.072936921,0.859039983,0.000705204,0.070715364,targetprofiler-Yes,targetscan-NO,miRanda-Yes,2.843707743,2.135776331
KCND2,hsa-mir-140,-0.337305068,2.84E-06,0.000210218,0.899387849,0.000164279,0.038990907,targetprofiler-NO,targetscan-Yes,miRanda-NO,1.790259521,0.86661335
ANXA4,hsa-mir-136,-0.236775661,0.001212034,0.022405825,0.857581913,0.000737002,0.072015451,targetprofiler-NO,targetscan-Yes,miRanda-Yes,1.943673949,0.694714543
VCAM1,hsa-mir-183,0.205310854,0.005176524,0.062041661,-0.830439395,0.001550499,0.098129976,targetprofiler-NO,targetscan-Yes,miRanda-NO,2.532809545,3.100266043
FSTL3,hsa-mir-140,-0.194769906,0.008063401,0.083583015,0.884455629,0.000299467,0.050518506,targetprofiler-NO,targetscan-Yes,miRanda-NO,0.947189581,0.86661335
NFATC3,hsa-mir-376c,0.234020417,0.001387259,0.024694529,-0.865101486,0.000583967,0.065554554,targetprofiler-Yes,targetscan-Yes,miRanda-NO,1.302097964,1.121976426
C4orf19,hsa-mir-136,-0.205477619,0.005139476,0.061732121,0.894567224,0.000201339,0.042591736,targetprofiler-NO,targetscan-Yes,miRanda-NO,0.736675912,0.694714543
BCL2L1,hsa-mir-10a,0.292735424,5.52E-05,0.002225079,-0.895187089,0.000196248,0.042257684,targetprofiler-Yes,targetscan-NO,miRanda-NO,1.289594892,0.82091333
MBNL1,hsa-mir-618,-0.21425345,0.003495159,0.047309882,0.905848731,0.000123039,0.034876439,targetprofiler-NO,targetscan-Yes,miRanda-NO,1.051621352,3.013765832
SYNC,hsa-mir-618,-0.190777055,0.009485028,0.092984651,0.953178714,5.69E-06,0.009313694,targetprofiler-NO,targetscan-Yes,miRanda-NO,0.221570799,3.013765832
CLIP4,hsa-mir-182,0.237704284,0.001157706,0.021679877,-0.829061048,0.001604645,0.099670494,targetprofiler-NO,targetscan-Yes,miRanda-Yes,1.000906355,1.722221601
EIF4ENIF1,hsa-mir-590,0.195667798,0.007771058,0.081548376,-0.841457551,0.00116536,0.08704869,targetprofiler-NO,targetscan-Yes,miRanda-NO,0.844433694,2.025964522
NRP2,hsa-mir-140,-0.241340902,0.000965752,0.019023061,0.913294874,8.59E-05,0.030103236,targetprofiler-NO,targetscan-Yes,miRanda-NO,0.544977639,0.86661335
PRPF38A,hsa-mir-429,0.220835032,0.002591759,0.038437145,-0.847799731,0.000979174,0.08090424,targetprofiler-Yes,targetscan-NO,miRanda-NO,1.296395937,1.153751207
TMEM30B,hsa-mir-424,-0.211425065,0.003964106,0.051648161,0.880012063,0.00035254,0.053556747,targetprofiler-NO,targetscan-Yes,miRanda-NO,0.740240683,1.364860164
NUDT3,hsa-mir-590,0.279034896,0.000125215,0.004173505,-0.845830904,0.00103438,0.082853702,targetprofiler-NO,targetscan-Yes,miRanda-NO,1.498887714,2.025964522
PLEKHH3,hsa-mir-181d,0.25036844,0.000608549,0.013598683,-0.892250576,0.000221261,0.044422644,targetprofiler-NO,targetscan-NO,miRanda-Yes,0.685366286,1.671290832
ST8SIA1,hsa-mir-618,-0.210203563,0.004183598,0.053632646,0.852790485,0.000849157,0.07604203,targetprofiler-NO,targetscan-Yes,miRanda-NO,0.578247671,3.013765832
PAPD5,hsa-mir-224,0.192128864,0.008980681,0.089720956,-0.833720966,0.001427099,0.09456694,targetprofiler-NO,targetscan-Yes,miRanda-NO,0.999344879,13.14568861
ARHGEF38,hsa-mir-154,-0.215548489,0.003297651,0.045450846,0.829571456,0.001584432,0.099201177,targetprofiler-NO,targetscan-Yes,miRanda-NO,1.401514809,1.314379336
MFSD6,hsa-mir-380,-0.227091714,0.001934995,0.031294199,0.888285915,0.000258793,0.047482385,targetprofiler-NO,targetscan-Yes,miRanda-NO,0.730794672,2.069271374
PLS3,hsa-mir-3150b,-0.188216795,0.010509283,0.099469829,0.885402108,0.000288994,0.049914183,targetprofiler-Yes,targetscan-NO,miRanda-NO,1.495362236,11.81214087
KCTD7,hsa-mir-335,0.212474579,0.003783861,0.050034012,-0.903143414,0.000139207,0.036451335,targetprofiler-NO,targetscan-Yes,miRanda-NO,0.58905778,6.682813493
NEK7,hsa-mir-140,-0.229187121,0.001751523,0.02915827,0.858621852,0.000714215,0.071131229,targetprofiler-NO,targetscan-Yes,miRanda-NO,0.829536893,0.86661335
TBC1D2,hsa-mir-196b,-0.214091007,0.003520673,0.0475464,0.867778225,0.000535761,0.063327928,targetprofiler-NO,targetscan-NO,miRanda-Yes,1.637568567,40.14402248
NUP98,hsa-mir-141,0.211224321,0.00399945,0.051976352,-0.895638374,0.000192604,0.042034128,targetprofiler-Yes,targetscan-Yes,miRanda-NO,1.221021553,1.456361288
CEP68,hsa-mir-618,-0.212436297,0.003790303,0.050096332,0.839913536,0.001214452,0.088444637,targetprofiler-NO,targetscan-Yes,miRanda-NO,0.760181887,3.013765832
ARL13B,hsa-mir-140,-0.22744157,0.001903193,0.030927743,0.900573187,0.000156022,0.038218993,targetprofiler-NO,targetscan-Yes,miRanda-NO,1.206318451,0.86661335
NTN4,hsa-mir-424,-0.230042207,0.001681321,0.028313012,0.84080501,0.001185922,0.08770404,targetprofiler-NO,targetscan-Yes,miRanda-NO,0.233156698,1.364860164
PAM,hsa-mir-140,-0.263210049,0.000306331,0.008196779,0.83430919,0.001405783,0.09404584,targetprofiler-NO,targetscan-Yes,miRanda-NO,0.525564877,0.86661335
SAMD5,hsa-mir-452,-0.279246572,0.00012368,0.004132282,0.9209788,5.72E-05,0.025464901,targetprofiler-NO,targetscan-Yes,miRanda-NO,1.291123038,6.197110113
NAGPA,hsa-mir-182,-0.199811697,0.006540366,0.072583998,0.8428795,0.001121482,0.085682494,targetprofiler-Yes,targetscan-Yes,miRanda-NO,0.928687158,1.722221601
SFRP2,hsa-mir-552,-0.211505581,0.003950009,0.051523802,0.893357747,0.000211562,0.043565723,targetprofiler-NO,targetscan-Yes,miRanda-NO,0.647893721,316.3599725
HRH2,hsa-mir-143,0.19843333,0.006928922,0.07543925,-0.839494336,0.001228044,0.088920627,targetprofiler-NO,targetscan-Yes,miRanda-NO,0.064470869,0.501717332
IPPK,hsa-mir-196b,-0.246945939,0.000726441,0.015489406,0.839085394,0.001241414,0.089345521,targetprofiler-Yes,targetscan-NO,miRanda-NO,1.59364507,40.14402248
CYP2J2,hsa-mir-224,-0.319894351,9.57E-06,0.000561762,0.857591398,0.000736792,0.072012484,targetprofiler-NO,targetscan-Yes,miRanda-Yes,1.635061293,13.14568861
KIAA0226,hsa-mir-3653,0.224225021,0.00221437,0.034460197,-0.842359985,0.001137366,0.086122917,targetprofiler-NO,targetscan-Yes,miRanda-NO,1.09600675,1.075428161
SBDS,hsa-mir-99b,-0.235488285,0.001291216,0.023434409,0.918386697,6.59E-05,0.026990951,targetprofiler-NO,targetscan-NO,miRanda-Yes,0.813487286,0.992863821
CD2AP,hsa-mir-136,-0.247495563,0.00070619,0.015166652,0.910109458,0.000100527,0.031875165,targetprofiler-NO,targetscan-Yes,miRanda-NO,1.447259893,0.694714543
MYO9B,hsa-mir-3651,0.316340658,1.22E-05,0.000679219,-0.85252633,0.000855693,0.076281117,targetprofiler-NO,targetscan-Yes,miRanda-NO,1.227529087,4.221377205
ABCC3,hsa-mir-301a,-0.219843008,0.002712734,0.039713403,0.841881053,0.001152159,0.08660854,targetprofiler-Yes,targetscan-NO,miRanda-NO,1.183747925,3.112413009
PAFAH1B1,hsa-mir-10a,-0.195419434,0.007850965,0.082107456,0.864696268,0.000591541,0.0658669,targetprofiler-Yes,targetscan-NO,miRanda-NO,0.738184888,0.82091333
BCL2L14,hsa-mir-136,-0.305327104,2.50E-05,0.001199855,0.895764948,0.000191591,0.042029884,targetprofiler-NO,targetscan-NO,miRanda-Yes,0.743397573,0.694714543
KLHL13,hsa-mir-182,0.254109375,0.000500055,0.011790221,-0.832437274,0.00147446,0.095863815,targetprofiler-Yes,targetscan-Yes,miRanda-NO,1.291011214,1.722221601
PLAC8,hsa-mir-337,-0.203135809,0.005682114,0.066015441,0.892860256,0.000215879,0.043890103,targetprofiler-NO,targetscan-Yes,miRanda-NO,0.9846316,0.684231792
PLAC8,hsa-mir-136,-0.218557065,0.002877162,0.04137943,0.864855727,0.000588551,0.065731539,targetprofiler-Yes,targetscan-NO,miRanda-NO,0.9846316,0.694714543
SCAMP1,hsa-mir-452,0.27503843,0.000157769,0.00498377,-0.840684954,0.001189735,0.087819518,targetprofiler-NO,targetscan-Yes,miRanda-NO,0.837933595,6.197110113
SLC12A8,hsa-mir-29a,-0.213603168,0.003598307,0.048287911,0.850195084,0.000915031,0.078602527,targetprofiler-NO,targetscan-Yes,miRanda-Yes,2.4378108,0.966963817
SFRS4,hsa-mir-618,-0.204629711,0.00533034,0.063296287,0.950184366,7.49E-06,0.010492935,targetprofiler-NO,targetscan-NO,miRanda-Yes,1.059305882,3.013765832
AP2B1,hsa-mir-130a,-0.226411517,0.001998213,0.03201385,0.916272924,7.37E-05,0.028317566,targetprofiler-NO,targetscan-Yes,miRanda-NO,1.179393427,1.3573067
SLC4A4,hsa-mir-590,-0.196776811,0.007423002,0.079119343,0.873816075,0.000438097,0.058366652,targetprofiler-NO,targetscan-Yes,miRanda-NO,0.379859059,2.025964522
TBKBP1,hsa-mir-539,0.200406233,0.006378855,0.071342873,-0.84172713,0.001156944,0.086755085,targetprofiler-NO,targetscan-Yes,miRanda-NO,0.667743254,1.023821647
PDCD7,hsa-mir-651,0.394651663,2.96E-08,4.70E-06,-0.836752564,0.001319782,0.091596832,targetprofiler-NO,targetscan-Yes,miRanda-NO,0.966513398,1.74938026
PPTC7,hsa-mir-140,-0.285365262,8.62E-05,0.003130178,0.859444419,0.00069657,0.070363608,targetprofiler-NO,targetscan-Yes,miRanda-NO,1.10089361,0.86661335
LRP11,hsa-mir-150,-0.208749079,0.004459176,0.055983133,0.862728088,0.000629389,0.067495744,targetprofiler-Yes,targetscan-Yes,miRanda-NO,1.33294015,1.57964111
DNM1,hsa-mir-140,-0.227849723,0.001866695,0.030498781,0.878485543,0.000372324,0.054867452,targetprofiler-NO,targetscan-Yes,miRanda-NO,1.848891744,0.86661335
ENTPD7,hsa-mir-29a,-0.31960914,9.76E-06,0.00057076,0.90008254,0.000159401,0.038562298,targetprofiler-NO,targetscan-Yes,miRanda-Yes,1.269351151,0.966963817
XPNPEP3,hsa-mir-592,-0.21226913,0.003818552,0.050361978,0.853516865,0.000831378,0.07557693,targetprofiler-NO,targetscan-Yes,miRanda-NO,1.10656433,1.696755222
SLC6A6,hsa-mir-31,-0.228779724,0.001785901,0.029565076,0.852465947,0.000857193,0.076310865,targetprofiler-NO,targetscan-Yes,miRanda-NO,1.335748398,1.899395294
SCAND1,hsa-mir-140,0.201723962,0.006033505,0.068751009,-0.937556341,2.03E-05,0.016639867,targetprofiler-NO,targetscan-Yes,miRanda-NO,1.426880729,0.86661335
BPNT1,hsa-mir-337,-0.230833343,0.001618666,0.027551313,0.881114868,0.000338752,0.052795324,targetprofiler-NO,targetscan-Yes,miRanda-NO,1.620650725,0.684231792
MUC4,hsa-mir-27a,-0.189309005,0.010060968,0.096617673,0.89140597,0.000228885,0.045039,targetprofiler-Yes,targetscan-NO,miRanda-NO,6.002917225,2.612916732
ABL2,hsa-mir-140,-0.205131283,0.005216684,0.062359655,0.873766151,0.000438844,0.058366652,targetprofiler-NO,targetscan-Yes,miRanda-NO,1.169721511,0.86661335
CREB5,hsa-mir-140,-0.259914141,0.000366567,0.009371103,0.895335964,0.00019504,0.042209007,targetprofiler-NO,targetscan-Yes,miRanda-NO,0.722917908,0.86661335
PDCD7,hsa-mir-182,0.237030035,0.001196924,0.022207958,-0.869150921,0.000512239,0.06204594,targetprofiler-NO,targetscan-Yes,miRanda-NO,0.966513398,1.722221601
NRF1,hsa-mir-335,0.223847722,0.00225375,0.034859998,-0.881206572,0.000337624,0.052697746,targetprofiler-Yes,targetscan-Yes,miRanda-NO,1.148349506,6.682813493
AHCYL2,hsa-mir-424,-0.203767108,0.005531002,0.064822882,0.852668117,0.00085218,0.076159556,targetprofiler-Yes,targetscan-NO,miRanda-NO,0.469806427,1.364860164
BCL2L15,hsa-mir-301a,-0.224092423,0.002228138,0.034605316,0.837331995,0.00129998,0.091056177,targetprofiler-Yes,targetscan-NO,miRanda-NO,0.878959646,3.112413009
ATE1,hsa-mir-148a,0.254674449,0.000485316,0.01154048,-0.854513809,0.000807436,0.074608083,targetprofiler-NO,targetscan-NO,miRanda-Yes,0.983395562,0.175583129
RPIA,hsa-mir-140,0.206706989,0.004873619,0.05949192,-0.869440792,0.000507374,0.061902893,targetprofiler-NO,targetscan-Yes,miRanda-NO,1.54730501,0.86661335
DAGLA,hsa-mir-1293,-0.20077017,0.006281753,0.070617005,0.834590289,0.001395681,0.093795025,targetprofiler-Yes,targetscan-Yes,miRanda-NO,0.915923267,10.37939303
GFM1,hsa-mir-944,0.250803204,0.000594908,0.013377078,-0.843379675,0.001106346,0.085255504,targetprofiler-NO,targetscan-Yes,miRanda-Yes,1.329161993,12.05602106
MLLT10,hsa-mir-30e,0.288133855,7.30E-05,0.002755517,-0.865913223,0.000569015,0.064869163,targetprofiler-Yes,targetscan-NO,miRanda-Yes,1.1846791,0.581953963
ARPC4,hsa-mir-149,-0.223762682,0.002262714,0.034959555,0.870760369,0.000485666,0.060782144,targetprofiler-NO,targetscan-Yes,miRanda-NO,1.22927001,3.370328702
PPM1A,hsa-mir-618,-0.274051426,0.000166945,0.005204852,0.887744381,0.000264273,0.047977077,targetprofiler-NO,targetscan-Yes,miRanda-NO,0.72900538,3.013765832
CLDN18,hsa-mir-136,-0.22121908,0.002546254,0.037984722,0.849163064,0.000942266,0.079479931,targetprofiler-NO,targetscan-Yes,miRanda-NO,0.284473071,0.694714543
USP13,hsa-mir-183,0.272738907,0.00017992,0.00551185,-0.856135772,0.000769597,0.073126363,targetprofiler-NO,targetscan-Yes,miRanda-NO,1.261685163,3.100266043
PSEN1,hsa-mir-136,-0.211839326,0.003892056,0.051018085,0.861092678,0.000662205,0.069024686,targetprofiler-NO,targetscan-Yes,miRanda-NO,1.187383349,0.694714543
KATNAL1,hsa-mir-618,-0.196431743,0.007529783,0.079888549,0.933131828,2.75E-05,0.01852552,targetprofiler-NO,targetscan-Yes,miRanda-NO,0.646835187,3.013765832
HPGDS,hsa-mir-939,-0.229653548,0.001712905,0.028690589,0.904540301,0.000130669,0.035609334,targetprofiler-NO,targetscan-Yes,miRanda-NO,0.367635143,1.755334947
TSPAN3,hsa-mir-337,-0.210948161,0.004048536,0.052429819,0.856752598,0.000755564,0.072692205,targetprofiler-NO,targetscan-Yes,miRanda-NO,1.599989585,0.684231792
GNB4,hsa-mir-140,-0.253864212,0.000506577,0.011900806,0.891334875,0.000229536,0.045068879,targetprofiler-NO,targetscan-Yes,miRanda-NO,0.885135441,0.86661335
PRR15,hsa-mir-301a,-0.243065806,0.000885338,0.017865617,0.891534937,0.000227708,0.045027923,targetprofiler-Yes,targetscan-NO,miRanda-Yes,1.713788497,3.112413009
CRLS1,hsa-mir-873,-0.188412085,0.010427852,0.09897805,0.876125066,0.00040456,0.056838099,targetprofiler-NO,targetscan-Yes,miRanda-NO,0.758665331,0.473909659
PHLDB2,hsa-mir-140,-0.294374339,4.99E-05,0.002058283,0.842254308,0.001140618,0.086237325,targetprofiler-NO,targetscan-Yes,miRanda-NO,0.964845374,0.86661335
B3GNT9,hsa-mir-552,-0.241840764,0.000941785,0.018686767,0.838313373,0.001266951,0.090212068,targetprofiler-Yes,targetscan-NO,miRanda-NO,1.428270158,316.3599725
HOOK3,hsa-mir-1287,-0.206878554,0.004837515,0.059181133,0.837078103,0.001308629,0.091313306,targetprofiler-NO,targetscan-Yes,miRanda-NO,0.834586332,1.232791278
SP100,hsa-mir-589,-0.194190671,0.008257135,0.084867994,0.844839153,0.00106306,0.083796125,targetprofiler-NO,targetscan-Yes,miRanda-NO,1.236344212,1.86313464
TRIM2,hsa-mir-424,-0.25646684,0.000441184,0.010751698,0.83685937,0.001316115,0.091498981,targetprofiler-Yes,targetscan-NO,miRanda-NO,0.689989058,1.364860164
CCDC6,hsa-mir-224,-0.223134651,0.00232992,0.035674999,0.920220453,5.96E-05,0.025859805,targetprofiler-NO,targetscan-Yes,miRanda-NO,0.928819208,13.14568861
BCAS1,hsa-mir-154,-0.198287885,0.006971099,0.075756076,0.885863211,0.000283994,0.049485568,targetprofiler-NO,targetscan-Yes,miRanda-NO,0.302956812,1.314379336
SVIL,hsa-mir-618,-0.212016815,0.003861549,0.050755727,0.855110199,0.000793363,0.074108081,targetprofiler-NO,targetscan-NO,miRanda-Yes,0.354731937,3.013765832
BNIP2,hsa-mir-140,-0.227332888,0.001913021,0.03104329,0.912271893,9.04E-05,0.030633496,targetprofiler-NO,targetscan-Yes,miRanda-NO,1.149828966,0.86661335
PDCD7,hsa-mir-335,0.195398755,0.007857651,0.082145695,-0.841221601,0.001172764,0.087226982,targetprofiler-NO,targetscan-Yes,miRanda-NO,0.966513398,6.682813493
TCF7L2,hsa-mir-154,-0.237155878,0.001189513,0.022108959,0.862222757,0.000639394,0.068041818,targetprofiler-NO,targetscan-NO,miRanda-Yes,1.255842929,1.314379336
TXN2,hsa-mir-1262,0.221159742,0.002553237,0.038055823,-0.853084673,0.000841923,0.075850563,targetprofiler-NO,targetscan-Yes,miRanda-NO,0.921665378,0.796997697
RAB31,hsa-mir-140,-0.251352064,0.000578091,0.013104155,0.898312344,0.000172055,0.039729123,targetprofiler-NO,targetscan-Yes,miRanda-NO,1.260746133,0.86661335
RND2,hsa-mir-183,0.336219275,3.07E-06,0.000224249,-0.884379293,0.000300324,0.050530712,targetprofiler-NO,targetscan-Yes,miRanda-NO,0.97550055,3.100266043
DCBLD2,hsa-mir-140,-0.192973752,0.008677659,0.087711821,0.842857267,0.001122158,0.085698836,targetprofiler-NO,targetscan-Yes,miRanda-NO,1.186208713,0.86661335
RASEF,hsa-mir-136,-0.251086761,0.000586165,0.013241178,0.924748912,4.62E-05,0.022948496,targetprofiler-NO,targetscan-Yes,miRanda-NO,0.472341055,0.694714543
HNF1B,hsa-mir-136,-0.248361169,0.000675349,0.01467877,0.870707787,0.000486517,0.060783152,targetprofiler-NO,targetscan-Yes,miRanda-NO,0.892092702,0.694714543
ANTXR1,hsa-mir-140,-0.258403312,0.000397698,0.009955804,0.933767686,2.63E-05,0.018243875,targetprofiler-NO,targetscan-Yes,miRanda-NO,1.186850331,0.86661335
ABHD3,hsa-mir-376c,-0.21506683,0.0033699,0.046119522,0.885489955,0.000288037,0.049814634,targetprofiler-NO,targetscan-NO,miRanda-Yes,1.145582699,1.121976426
NR3C1,hsa-mir-136,0.198335615,0.006957233,0.075655952,-0.829857014,0.001573207,0.098828245,targetprofiler-Yes,targetscan-Yes,miRanda-NO,0.837607258,0.694714543
ABHD15,hsa-mir-31,-0.221807901,0.002477891,0.037254712,0.841624749,0.001160135,0.086853193,targetprofiler-NO,targetscan-Yes,miRanda-NO,1.212940131,1.899395294
AEBP2,hsa-mir-200c,0.324312605,7.08E-06,0.000441559,-0.847196845,0.000995837,0.081627617,targetprofiler-NO,targetscan-Yes,miRanda-NO,1.461872071,1.19680443
GLS,hsa-mir-1287,-0.221658633,0.002495062,0.037444636,0.898939019,0.000167491,0.039363229,targetprofiler-NO,targetscan-Yes,miRanda-NO,2.013788524,1.232791278
SAMD5,hsa-mir-224,-0.307123708,2.23E-05,0.001095673,0.914958645,7.89E-05,0.029092916,targetprofiler-NO,targetscan-Yes,miRanda-NO,1.291123038,13.14568861
ACTN1,hsa-mir-140,-0.325056479,6.73E-06,0.000424523,0.886879402,0.000273207,0.048505566,targetprofiler-NO,targetscan-Yes,miRanda-NO,0.696785559,0.86661335
KRT5,hsa-mir-196b,-0.243663849,0.000858927,0.01747938,0.857370886,0.000741693,0.072219667,targetprofiler-Yes,targetscan-NO,miRanda-Yes,2.381508335,40.14402248
RALGPS1,hsa-mir-301a,-0.266262517,0.000258872,0.00723146,0.856313192,0.000765541,0.073048899,targetprofiler-Yes,targetscan-NO,miRanda-NO,0.541239401,3.112413009
PLEKHH1,hsa-mir-136,-0.2238003,0.002258745,0.034919768,0.829981731,0.001568324,0.098670759,targetprofiler-NO,targetscan-Yes,miRanda-NO,0.622649456,0.694714543
ZNF35,hsa-mir-592,0.45408564,9.54E-11,3.21E-08,-0.829189298,0.001599548,0.099578315,targetprofiler-Yes,targetscan-Yes,miRanda-NO,0.89561286,1.696755222
MXRA7,hsa-mir-140,-0.288214352,7.27E-05,0.002745574,0.896024158,0.000189529,0.041803731,targetprofiler-NO,targetscan-Yes,miRanda-NO,0.555979408,0.86661335
MTX3,hsa-mir-27a,0.223385572,0.002302854,0.035386195,-0.844623856,0.001069364,0.08398155,targetprofiler-Yes,targetscan-NO,miRanda-Yes,0.736733705,2.612916732
BCAP29,hsa-mir-1287,-0.200355681,0.006392448,0.071457226,0.867696174,0.000537192,0.063355675,targetprofiler-NO,targetscan-Yes,miRanda-NO,1.012940522,1.232791278
FAM3D,hsa-mir-224,-0.258832629,0.000388611,0.009789939,0.893418639,0.000211038,0.043544128,targetprofiler-NO,targetscan-Yes,miRanda-NO,0.905956351,13.14568861
RAB14,hsa-mir-335,-0.262712099,0.0003148,0.008367391,0.877975423,0.00037912,0.055318587,targetprofiler-NO,targetscan-Yes,miRanda-NO,1.044850192,6.682813493
ZBTB41,hsa-mir-149,0.282732154,0.000100795,0.003536991,-0.837108165,0.001307602,0.091292502,targetprofiler-Yes,targetscan-Yes,miRanda-NO,1.232058381,3.370328702
TNIK,hsa-mir-2355,-0.232969098,0.001460015,0.025599717,0.851241606,0.000888023,0.077477051,targetprofiler-NO,targetscan-Yes,miRanda-NO,0.911455977,2.181472136
CLDN4,hsa-mir-149,-0.263314766,0.000304578,0.008162577,0.860150223,0.000681694,0.069793859,targetprofiler-NO,targetscan-Yes,miRanda-Yes,3.767147636,3.370328702
PCDHB10,hsa-mir-140,-0.207378022,0.00473377,0.058330799,0.874566726,0.000426971,0.057795846,targetprofiler-NO,targetscan-Yes,miRanda-NO,1.241498921,0.86661335
CSPG4,hsa-mir-10a,-0.214054914,0.003526365,0.047602969,0.845991081,0.001029803,0.082712679,targetprofiler-Yes,targetscan-NO,miRanda-Yes,0.35309308,0.82091333
MUC20,hsa-mir-205,-0.220675434,0.002610885,0.038631174,0.911612742,9.34E-05,0.031083528,targetprofiler-NO,targetscan-NO,miRanda-Yes,2.887002929,9.982574008
RAB11FIP5,hsa-mir-140,-0.280058163,0.000117954,0.003987261,0.8840227,0.000304353,0.050621946,targetprofiler-NO,targetscan-Yes,miRanda-NO,0.933170281,0.86661335
FXYD5,hsa-mir-149,-0.268706123,0.000225909,0.00653843,0.891619243,0.000226941,0.044990318,targetprofiler-NO,targetscan-Yes,miRanda-Yes,3.208905407,3.370328702
TSPAN3,hsa-mir-136,-0.264986892,0.000277807,0.007619383,0.879959643,0.000353206,0.053595092,targetprofiler-NO,targetscan-Yes,miRanda-NO,1.599989585,0.694714543
SNCA,hsa-mir-140,-0.233943586,0.001392461,0.024764556,0.860273894,0.000679112,0.069662338,targetprofiler-NO,targetscan-Yes,miRanda-NO,1.046886671,0.86661335
IGF1R,hsa-mir-592,-0.203125349,0.005684649,0.066037152,0.83432261,0.001405299,0.094041021,targetprofiler-Yes,targetscan-Yes,miRanda-NO,0.88009119,1.696755222
FBXO30,hsa-mir-140,-0.213672272,0.003587217,0.048183162,0.837749476,0.001285851,0.090679238,targetprofiler-NO,targetscan-Yes,miRanda-NO,0.599718446,0.86661335
ATXN3,hsa-mir-618,-0.289783261,6.61E-05,0.002552861,0.831305395,0.001517187,0.097110487,targetprofiler-NO,targetscan-Yes,miRanda-NO,0.938649674,3.013765832
KPNA6,hsa-mir-140,-0.20261186,0.005810323,0.067030281,0.849357857,0.000937079,0.079328951,targetprofiler-NO,targetscan-Yes,miRanda-NO,0.939083331,0.86661335
NAV2,hsa-mir-651,0.216012643,0.003229354,0.044785575,-0.851273202,0.000887217,0.077467287,targetprofiler-NO,targetscan-Yes,miRanda-NO,0.947548347,1.74938026
GOLGA1,hsa-mir-181d,-0.223320307,0.002309866,0.035462524,0.864200226,0.000600913,0.066283189,targetprofiler-Yes,targetscan-NO,miRanda-NO,0.864755318,1.671290832
MTX3,hsa-mir-224,0.428176054,1.34E-09,3.31E-07,-0.836620858,0.001324314,0.091724814,targetprofiler-Yes,targetscan-NO,miRanda-NO,0.736733705,13.14568861
POMGNT1,hsa-mir-660,-0.191327135,0.009276852,0.091657392,0.848372903,0.000963527,0.080341702,targetprofiler-NO,targetscan-NO,miRanda-Yes,0.941381858,0.892434063
UBL3,hsa-mir-590,-0.188008118,0.010596916,0.099998034,0.851119019,0.000891155,0.077581106,targetprofiler-NO,targetscan-Yes,miRanda-NO,0.27297164,2.025964522
DNM1L,hsa-mir-140,-0.275482132,0.000153799,0.004885188,0.87027607,0.00049355,0.061213194,targetprofiler-NO,targetscan-Yes,miRanda-NO,1.21258966,0.86661335
PDCD7,hsa-mir-590,0.201930528,0.00598091,0.068338744,-0.858705604,0.000712403,0.071040742,targetprofiler-NO,targetscan-Yes,miRanda-NO,0.966513398,2.025964522
CYB5D2,hsa-mir-23b,0.229184486,0.001751743,0.029160369,-0.884527629,0.000298661,0.05045132,targetprofiler-NO,targetscan-NO,miRanda-Yes,0.54790814,0.841744964
SULF1,hsa-mir-140,-0.233398096,0.001429915,0.025234249,0.853322949,0.000836097,0.075678059,targetprofiler-NO,targetscan-Yes,miRanda-NO,3.140838546,0.86661335
TC2N,hsa-mir-154,-0.198542557,0.006897398,0.075225034,0.853023874,0.000843414,0.075906117,targetprofiler-Yes,targetscan-Yes,miRanda-NO,1.06731219,1.314379336
TRIO,hsa-mir-140,-0.29210121,5.74E-05,0.002291911,0.914278956,8.17E-05,0.029490741,targetprofiler-NO,targetscan-Yes,miRanda-NO,1.192550047,0.86661335
PTRF,hsa-mir-140,-0.230753185,0.001624916,0.027635284,0.842679462,0.001127578,0.085827968,targetprofiler-NO,targetscan-Yes,miRanda-NO,0.473640236,0.86661335
ESR1,hsa-mir-182,0.242358261,0.000917548,0.01833421,-0.864920671,0.000587337,0.065667968,targetprofiler-Yes,targetscan-Yes,miRanda-NO,0.804160921,1.722221601
PRRG2,hsa-mir-10a,0.310953489,1.74E-05,0.000902034,-0.861967403,0.000644496,0.068274719,targetprofiler-NO,targetscan-NO,miRanda-Yes,0.847242188,0.82091333
VTI1A,hsa-mir-452,-0.232824933,0.00147026,0.025726785,0.870809794,0.000484866,0.060754384,targetprofiler-NO,targetscan-Yes,miRanda-NO,1.05510851,6.197110113
RUNX1,hsa-mir-18a,-0.306067627,2.39E-05,0.001157256,0.86459771,0.000593394,0.065980125,targetprofiler-Yes,targetscan-NO,miRanda-NO,1.839000854,4.250897258
CNNM4,hsa-mir-656,-0.193622808,0.008451064,0.086178909,0.867598939,0.000538892,0.063472824,targetprofiler-NO,targetscan-Yes,miRanda-NO,1.399940279,1.234796787
CSGALNACT2,hsa-mir-140,-0.198741022,0.006840445,0.074813629,0.893345691,0.000211665,0.043565723,targetprofiler-NO,targetscan-Yes,miRanda-NO,1.281641822,0.86661335
GTF2H5,hsa-mir-335,0.215655818,0.003281743,0.045300978,-0.836273902,0.00133631,0.092185356,targetprofiler-NO,targetscan-Yes,miRanda-NO,0.827989931,6.682813493
RUNX1,hsa-mir-627,-0.201181289,0.006173652,0.069818389,0.918967956,6.39E-05,0.026579212,targetprofiler-Yes,targetscan-NO,miRanda-Yes,1.839000854,1.855115117
SPAG9,hsa-mir-140,-0.204140918,0.005443229,0.064154566,0.877516936,0.000385307,0.055678043,targetprofiler-NO,targetscan-Yes,miRanda-NO,1.053256142,0.86661335
SIRT5,hsa-mir-99a,0.189398009,0.010025191,0.096391935,-0.846977158,0.001001962,0.081803999,targetprofiler-NO,targetscan-NO,miRanda-Yes,0.914435697,0.648962811
OSBP2,hsa-mir-1296,0.284899203,8.86E-05,0.003200023,-0.880467706,0.000346793,0.053236436,targetprofiler-Yes,targetscan-Yes,miRanda-NO,1.86816133,2.45665277
BPNT1,hsa-mir-656,-0.194545702,0.008137905,0.08406481,0.861641678,0.000651048,0.068558813,targetprofiler-NO,targetscan-Yes,miRanda-NO,1.620650725,1.234796787
RC3H1,hsa-mir-1305,-0.207995095,0.004608358,0.05724276,0.856245591,0.000767085,0.073062075,targetprofiler-NO,targetscan-Yes,miRanda-NO,0.873520853,3.858107259
PDGFC,hsa-mir-149,0.212972148,0.003701017,0.049251664,-0.829245625,0.001597314,0.099557588,targetprofiler-NO,targetscan-Yes,miRanda-NO,0.957903248,3.370328702
TSHZ3,hsa-mir-140,-0.241492284,0.000958435,0.018918332,0.917175622,7.03E-05,0.027807992,targetprofiler-NO,targetscan-Yes,miRanda-NO,0.619152241,0.86661335
NEDD4,hsa-mir-1287,-0.190969986,0.009411548,0.092511121,0.895393443,0.000194575,0.042184196,targetprofiler-NO,targetscan-Yes,miRanda-NO,1.304895961,1.232791278
CNTN1,hsa-mir-140,-0.23096635,0.001608344,0.027428774,0.897737915,0.000176321,0.040276473,targetprofiler-NO,targetscan-Yes,miRanda-NO,0.39567645,0.86661335
KATNAL1,hsa-mir-140,-0.288459351,7.16E-05,0.002714084,0.852647693,0.000852686,0.076159556,targetprofiler-NO,targetscan-Yes,miRanda-NO,0.646835187,0.86661335
TMEM53,hsa-mir-136,-0.230010115,0.001683909,0.028341141,0.90696785,0.000116787,0.033997555,targetprofiler-NO,targetscan-Yes,miRanda-NO,1.320540653,0.694714543
PMF1,hsa-mir-214,0.343667577,1.79E-06,0.000144905,-0.868199427,0.000528458,0.062936469,targetprofiler-Yes,targetscan-Yes,miRanda-NO,1.208214083,2.32860472
FLRT3,hsa-mir-340,-0.229602003,0.001717134,0.028743372,0.892451211,0.000219479,0.044239427,targetprofiler-NO,targetscan-Yes,miRanda-NO,0.527613126,0.947245677
RASAL1,hsa-mir-224,-0.200392526,0.006382538,0.071376879,0.919701174,6.14E-05,0.026127903,targetprofiler-NO,targetscan-Yes,miRanda-NO,0.837412401,13.14568861
ATXN3,hsa-mir-140,-0.23553738,0.001288111,0.023390431,0.921613077,5.52E-05,0.02506262,targetprofiler-NO,targetscan-Yes,miRanda-NO,0.938649674,0.86661335
RAB21,hsa-mir-140,-0.272731739,0.000179993,0.005513916,0.869724953,0.000502639,0.061623847,targetprofiler-NO,targetscan-Yes,miRanda-NO,1.006615891,0.86661335
VDR,hsa-mir-149,-0.190840026,0.009460989,0.092828035,0.848769364,0.000952815,0.079931074,targetprofiler-NO,targetscan-Yes,miRanda-NO,2.650687592,3.370328702
PNPLA8,hsa-mir-140,-0.209678016,0.004281353,0.054474431,0.90823394,0.00011001,0.033174942,targetprofiler-NO,targetscan-Yes,miRanda-NO,0.910999443,0.86661335
POC1B,hsa-mir-22,-0.280450084,0.000115279,0.003917831,0.84975093,0.000926678,0.078980662,targetprofiler-Yes,targetscan-Yes,miRanda-NO,1.178996433,1.050498393
ATP2C1,hsa-mir-200b,-0.246963247,0.000725795,0.015479433,0.869147788,0.000512292,0.06204594,targetprofiler-NO,targetscan-NO,miRanda-Yes,1.674661101,0.895763791
ARHGEF37,hsa-mir-23a,0.211416772,0.00396556,0.051661301,-0.830130548,0.001562511,0.098502349,targetprofiler-Yes,targetscan-NO,miRanda-NO,0.270462163,2.135776331
TC2N,hsa-mir-136,-0.218866234,0.002836827,0.04097033,0.914326336,8.15E-05,0.029490741,targetprofiler-NO,targetscan-Yes,miRanda-NO,1.06731219,0.694714543
NFATC3,hsa-mir-301a,0.193831309,0.008379395,0.085713055,-0.864588802,0.000593562,0.065982907,targetprofiler-NO,targetscan-NO,miRanda-Yes,1.302097964,3.112413009
SNX14,hsa-mir-136,-0.217904268,0.002964039,0.042232443,0.868308312,0.000526583,0.062819741,targetprofiler-NO,targetscan-Yes,miRanda-NO,0.822685022,0.694714543
COL4A5,hsa-mir-140,-0.252577845,0.000542106,0.012506523,0.88425954,0.000301673,0.050568287,targetprofiler-NO,targetscan-Yes,miRanda-NO,0.474184683,0.86661335
ST8SIA2,hsa-mir-183,0.298605238,3.84E-05,0.001676162,-0.849669351,0.00092883,0.079091274,targetprofiler-NO,targetscan-Yes,miRanda-NO,4.392555503,3.100266043
MFSD6,hsa-mir-410,-0.219766713,0.002722247,0.039817979,0.8651284,0.000583466,0.065554554,targetprofiler-NO,targetscan-Yes,miRanda-NO,0.730794672,1.50291136
C11orf48,hsa-mir-140,0.194509811,0.008149888,0.084154835,-0.870706019,0.000486546,0.060783152,targetprofiler-NO,targetscan-Yes,miRanda-NO,1.650318897,0.86661335
FUCA2,hsa-mir-136,-0.188013499,0.010594648,0.099982739,0.866904317,0.000551155,0.06400443,targetprofiler-NO,targetscan-Yes,miRanda-Yes,1.34001541,0.694714543
PTGER3,hsa-mir-33a,-0.199682975,0.006575811,0.072849847,0.830206003,0.00155957,0.098418347,targetprofiler-NO,targetscan-NO,miRanda-Yes,0.036863985,0.970559097
DTX3,hsa-mir-335,0.212572638,0.003767403,0.049876875,-0.834521693,0.001398141,0.093856493,targetprofiler-NO,targetscan-Yes,miRanda-NO,0.810288207,6.682813493
RNF128,hsa-mir-424,-0.201844626,0.006002732,0.068513259,0.839070288,0.00124191,0.089348553,targetprofiler-NO,targetscan-Yes,miRanda-NO,0.676404916,1.364860164
QKI,hsa-mir-140,-0.231424877,0.001573219,0.026992814,0.879638122,0.000357311,0.05395015,targetprofiler-NO,targetscan-Yes,miRanda-NO,0.958948754,0.86661335
USP43,hsa-mir-150,-0.188318737,0.010466706,0.099203664,0.849926212,0.000922069,0.078777986,targetprofiler-NO,targetscan-Yes,miRanda-NO,1.589698137,1.57964111
SH2D4A,hsa-mir-136,-0.271113683,0.000197289,0.00591292,0.912606611,8.89E-05,0.030485706,targetprofiler-Yes,targetscan-Yes,miRanda-NO,0.769366145,0.694714543
GFOD1,hsa-let-7e,-0.194645299,0.008104733,0.083852977,0.83189033,0.001494992,0.096476264,targetprofiler-Yes,targetscan-NO,miRanda-NO,0.516603852,1.629009104
KATNAL1,hsa-mir-1287,-0.214329753,0.003483233,0.047193242,0.903132398,0.000139276,0.036451335,targetprofiler-NO,targetscan-Yes,miRanda-NO,0.646835187,1.232791278
PPRC1,hsa-mir-141,0.247248085,0.000715243,0.015308232,-0.866233991,0.000563188,0.064611101,targetprofiler-NO,targetscan-Yes,miRanda-NO,1.144087144,1.456361288
SIN3A,hsa-mir-183,0.202410071,0.005860386,0.067419446,-0.878879261,0.000367143,0.054472122,targetprofiler-Yes,targetscan-Yes,miRanda-Yes,1.175707055,3.100266043
AFF1,hsa-mir-92b,-0.256242143,0.000446505,0.010842107,0.9135891,8.46E-05,0.029880087,targetprofiler-Yes,targetscan-NO,miRanda-NO,0.598787044,2.685423574
BRD4,hsa-mir-140,-0.203555708,0.005581199,0.065233843,0.847450676,0.000988796,0.081311183,targetprofiler-NO,targetscan-Yes,miRanda-NO,1.247192657,0.86661335
ACBD5,hsa-mir-136,-0.250177946,0.000614616,0.013701013,0.914580379,8.04E-05,0.029426084,targetprofiler-NO,targetscan-Yes,miRanda-NO,1.274938997,0.694714543
SENP7,hsa-mir-149,0.207785588,0.004650599,0.057614577,-0.935559993,2.33E-05,0.017395204,targetprofiler-NO,targetscan-Yes,miRanda-NO,0.560740608,3.370328702
MYO6,hsa-mir-136,-0.20807422,0.004592494,0.057102339,0.89620312,0.000188116,0.041677294,targetprofiler-NO,targetscan-Yes,miRanda-NO,1.107054272,0.694714543
TMEM63A,hsa-mir-136,-0.245451883,0.000784224,0.016376228,0.847305409,0.000992821,0.081456564,targetprofiler-NO,targetscan-Yes,miRanda-NO,1.29476431,0.694714543
VSNL1,hsa-mir-196b,-0.255355109,0.000468097,0.011233907,0.884364197,0.000300494,0.050530712,targetprofiler-NO,targetscan-NO,miRanda-Yes,3.11433843,40.14402248
DAPK2,hsa-mir-337,-0.195833822,0.007718047,0.081202397,0.844931887,0.001060353,0.083695912,targetprofiler-NO,targetscan-Yes,miRanda-NO,0.580683194,0.684231792
GCNT1,hsa-mir-136,-0.193124377,0.008624599,0.087356499,0.879634273,0.000357361,0.05395015,targetprofiler-Yes,targetscan-Yes,miRanda-NO,0.629246739,0.694714543
DDB1,hsa-mir-141,0.193264053,0.008575654,0.087035742,-0.868760355,0.000518851,0.062368969,targetprofiler-NO,targetscan-Yes,miRanda-NO,1.088980541,1.456361288
FYTTD1,hsa-mir-136,0.2287328,0.0017899,0.029609852,-0.831271764,0.001518471,0.097148061,targetprofiler-NO,targetscan-Yes,miRanda-NO,1.274937766,0.694714543
DPYD,hsa-mir-31,0.234436472,0.001359393,0.024335833,-0.86471588,0.000591172,0.065863436,targetprofiler-NO,targetscan-Yes,miRanda-NO,0.935635203,1.899395294
PANK1,hsa-mir-140,0.199792682,0.006545591,0.07261682,-0.9066289,0.000118654,0.03420078,targetprofiler-NO,targetscan-Yes,miRanda-NO,0.767306798,0.86661335
PWWP2A,hsa-mir-96,-0.229368837,0.001736384,0.028973383,0.835647646,0.001358168,0.092796027,targetprofiler-NO,targetscan-Yes,miRanda-NO,0.733392579,2.075120976
TWSG1,hsa-mir-140,-0.212493525,0.003780676,0.050005453,0.912391796,8.98E-05,0.030585758,targetprofiler-NO,targetscan-Yes,miRanda-NO,0.754211863,0.86661335
YIPF5,hsa-mir-500a,-0.220916957,0.00258199,0.038337497,0.855442868,0.000785595,0.073701714,targetprofiler-NO,targetscan-Yes,miRanda-NO,0.826030383,1.172403264
TMEM47,hsa-mir-320a,-0.206407894,0.004937138,0.060034614,0.846788826,0.001007235,0.081999692,targetprofiler-Yes,targetscan-NO,miRanda-NO,0.176960528,1.560294983
DIDO1,hsa-mir-1305,-0.196254602,0.007585128,0.080287343,0.908609462,0.000108058,0.032870615,targetprofiler-NO,targetscan-Yes,miRanda-NO,1.182801051,3.858107259
ZDHHC6,hsa-mir-154,-0.249428466,0.000639032,0.014097692,0.842256597,0.001140547,0.086237325,targetprofiler-NO,targetscan-Yes,miRanda-NO,1.134239014,1.314379336
SAMD5,hsa-mir-205,-0.399434235,1.94E-08,3.30E-06,0.884771323,0.000295943,0.050292089,targetprofiler-NO,targetscan-Yes,miRanda-NO,1.291123038,9.982574008
NUMBL,hsa-mir-140,-0.274016998,0.000167274,0.005213527,0.912651726,8.87E-05,0.030476105,targetprofiler-NO,targetscan-Yes,miRanda-NO,1.105934386,0.86661335
KCNK10,hsa-mir-107,-0.222392284,0.002411695,0.036556339,0.841540593,0.001162763,0.086963052,targetprofiler-Yes,targetscan-NO,miRanda-NO,1.380686715,2.035430213
MBD4,hsa-mir-192,-0.239845229,0.001040854,0.020077415,0.920872071,5.75E-05,0.025539312,targetprofiler-NO,targetscan-Yes,miRanda-NO,1.508672507,2.148734803
SGCD,hsa-mir-320a,-0.232076693,0.001524492,0.026392262,0.861480189,0.000654315,0.068718278,targetprofiler-Yes,targetscan-NO,miRanda-NO,0.211427475,1.560294983
MST1R,hsa-mir-136,-0.279523601,0.000121697,0.004082362,0.862931458,0.000625395,0.067271381,targetprofiler-NO,targetscan-NO,miRanda-Yes,0.91107926,0.694714543
SLC22A23,hsa-mir-17,-0.190968201,0.009412225,0.09251361,0.925473567,4.42E-05,0.022522841,targetprofiler-Yes,targetscan-Yes,miRanda-NO,0.613211617,3.280311441
SPAG9,hsa-mir-181d,-0.195001384,0.007987115,0.083043006,0.895265651,0.00019561,0.042215843,targetprofiler-Yes,targetscan-NO,miRanda-NO,1.053256142,1.671290832
PTPN7,hsa-mir-149,-0.193338532,0.008549655,0.08684986,0.87394467,0.000436175,0.058285984,targetprofiler-NO,targetscan-Yes,miRanda-NO,1.865628554,3.370328702
MLPH,hsa-mir-651,-0.210717422,0.004089964,0.05279519,0.832581816,0.001469069,0.095714031,targetprofiler-NO,targetscan-Yes,miRanda-NO,0.469876335,1.74938026
STRN3,hsa-mir-140,-0.366349911,3.15E-07,3.45E-05,0.854055275,0.000818382,0.075077009,targetprofiler-NO,targetscan-Yes,miRanda-NO,0.92118324,0.86661335
AUP1,hsa-mir-1262,0.195570913,0.007802143,0.081759013,-0.849260987,0.000939656,0.079375569,targetprofiler-NO,targetscan-Yes,miRanda-NO,1.347246758,0.796997697
FOXD4L1,hsa-mir-149,-0.291376919,6.00E-05,0.002370817,0.832703022,0.00146456,0.095565484,targetprofiler-NO,targetscan-Yes,miRanda-NO,1.87492163,3.370328702
PLEKHA6,hsa-mir-136,-0.295128333,4.76E-05,0.001984798,0.863145502,0.000621213,0.067172952,targetprofiler-NO,targetscan-Yes,miRanda-NO,0.600974085,0.694714543
MAPK1IP1L,hsa-mir-181d,-0.20377386,0.005529406,0.064808266,0.933512462,2.68E-05,0.018321157,targetprofiler-Yes,targetscan-NO,miRanda-NO,0.967285814,1.671290832
GSTM5,hsa-mir-92b,-0.20310661,0.005689192,0.066065376,0.885523198,0.000287675,0.049810172,targetprofiler-Yes,targetscan-NO,miRanda-NO,0.098820432,2.685423574
MACF1,hsa-mir-320a,-0.203601181,0.005570367,0.065145026,0.831815167,0.001497831,0.09656096,targetprofiler-Yes,targetscan-NO,miRanda-NO,0.833232458,1.560294983
GFM1,hsa-mir-205,0.215509736,0.003303412,0.045505747,-0.865635191,0.000574104,0.065098793,targetprofiler-NO,targetscan-Yes,miRanda-NO,1.329161993,9.982574008
FAM76A,hsa-mir-618,-0.200485677,0.006357545,0.071178963,0.892372889,0.000220173,0.044300231,targetprofiler-NO,targetscan-Yes,miRanda-Yes,0.789225059,3.013765832
BCL2L14,hsa-mir-301a,-0.220738403,0.002603324,0.03855499,0.832915205,0.001456691,0.095324372,targetprofiler-NO,targetscan-NO,miRanda-Yes,0.743397573,3.112413009
UBAP2L,hsa-mir-130b,0.204973462,0.00525221,0.062642172,-0.829867891,0.001572781,0.098822961,targetprofiler-Yes,targetscan-NO,miRanda-Yes,1.419022286,1.651906731
ARMC8,hsa-mir-140,-0.191115057,0.009356628,0.092170236,0.924037771,4.81E-05,0.023459311,targetprofiler-NO,targetscan-Yes,miRanda-NO,0.979713047,0.86661335
NOX4,hsa-mir-1287,-0.218770892,0.002849211,0.041098251,0.842803073,0.001123808,0.085743652,targetprofiler-Yes,targetscan-NO,miRanda-NO,7.27484471,1.232791278
TEAD3,hsa-mir-140,-0.190453905,0.00960924,0.093747013,0.851224803,0.000888452,0.077486703,targetprofiler-NO,targetscan-Yes,miRanda-NO,0.713688202,0.86661335
GPN3,hsa-mir-17,0.240102336,0.001027574,0.019887473,-0.874769829,0.000423999,0.057618885,targetprofiler-NO,targetscan-Yes,miRanda-NO,1.508202215,3.280311441
BCL2L2,hsa-mir-181d,-0.218364494,0.002902548,0.04162568,0.848013827,0.000973307,0.080761756,targetprofiler-Yes,targetscan-NO,miRanda-NO,0.463327484,1.671290832
GNE,hsa-mir-660,0.244905283,0.0008064,0.016701955,-0.857917415,0.000729592,0.07170476,targetprofiler-NO,targetscan-Yes,miRanda-NO,1.142207704,0.892434063
C6orf47,hsa-mir-205,-0.206275675,0.004965453,0.060276174,0.912600045,8.89E-05,0.030485706,targetprofiler-NO,targetscan-NO,miRanda-Yes,1.065211188,9.982574008
CLDN4,hsa-mir-1293,-0.192147658,0.00897384,0.08967599,0.933200234,2.73E-05,0.018508789,targetprofiler-Yes,targetscan-Yes,miRanda-NO,3.767147636,10.37939303
ESR1,hsa-mir-96,0.188690486,0.010312729,0.098231371,-0.850993156,0.00089438,0.077720227,targetprofiler-Yes,targetscan-Yes,miRanda-NO,0.804160921,2.075120976
C20orf202,hsa-mir-149,-0.287430408,7.62E-05,0.002847739,0.871850117,0.000468274,0.059980232,targetprofiler-Yes,targetscan-Yes,miRanda-NO,2.115217703,3.370328702
ATP2C1,hsa-mir-192,-0.293437664,5.29E-05,0.002151639,0.852099871,0.000866325,0.076675599,targetprofiler-Yes,targetscan-Yes,miRanda-NO,1.674661101,2.148734803
BCL2L1,hsa-mir-140,0.281547993,0.000108083,0.003733024,-0.905524181,0.000124899,0.035065703,targetprofiler-NO,targetscan-Yes,miRanda-NO,1.289594892,0.86661335
WDFY1,hsa-mir-656,-0.193697143,0.00842545,0.086015187,0.901986961,0.000146592,0.037159113,targetprofiler-NO,targetscan-Yes,miRanda-NO,1.248844765,1.234796787
ZBTB33,hsa-mir-181d,0.263702023,0.000298173,0.00803133,-0.855904933,0.000774899,0.07329579,targetprofiler-Yes,targetscan-NO,miRanda-NO,1.580772811,1.671290832
FXYD5,hsa-mir-27b,-0.189824695,0.009855228,0.095294522,0.864358806,0.000597905,0.066172202,targetprofiler-NO,targetscan-NO,miRanda-Yes,3.208905407,1.121574331
NCKIPSD,hsa-mir-152,-0.297176356,4.19E-05,0.001795056,0.850319965,0.000911776,0.078459309,targetprofiler-Yes,targetscan-NO,miRanda-NO,1.032526969,1.55751113
TARBP2,hsa-mir-181d,0.304506999,2.64E-05,0.001251086,-0.92424991,4.75E-05,0.023281852,targetprofiler-NO,targetscan-NO,miRanda-Yes,1.474195715,1.671290832
OSTM1,hsa-mir-140,-0.209544221,0.004306565,0.054698397,0.931369444,3.08E-05,0.019326376,targetprofiler-NO,targetscan-Yes,miRanda-NO,0.935972238,0.86661335
TUSC1,hsa-mir-31,0.340777535,2.21E-06,0.000171786,-0.867339198,0.000543453,0.063562861,targetprofiler-Yes,targetscan-Yes,miRanda-NO,0.937483112,1.899395294
COQ5,hsa-mir-29c,-0.193686084,0.008429257,0.086035382,0.855087958,0.000793885,0.074122982,targetprofiler-NO,targetscan-NO,miRanda-Yes,1.082027862,0.338435325
SEC23A,hsa-mir-140,-0.19953803,0.006615929,0.073137155,0.912451153,8.96E-05,0.0305638,targetprofiler-NO,targetscan-Yes,miRanda-NO,0.905068815,0.86661335
C1S,hsa-mir-552,-0.228788404,0.001785162,0.029559008,0.847677563,0.000982533,0.080980185,targetprofiler-NO,targetscan-NO,miRanda-Yes,0.832449403,316.3599725
SNX8,hsa-mir-205,-0.216662519,0.003135877,0.043870515,0.873817867,0.00043807,0.058366652,targetprofiler-NO,targetscan-Yes,miRanda-NO,2.246490845,9.982574008
DYNC1I1,hsa-mir-183,0.328839592,5.17E-06,0.000342673,-0.840158643,0.001206557,0.088244015,targetprofiler-Yes,targetscan-Yes,miRanda-Yes,0.980949298,3.100266043
TMEM200B,hsa-mir-140,-0.189382644,0.010031359,0.096425359,0.90260483,0.00014261,0.036745054,targetprofiler-NO,targetscan-Yes,miRanda-NO,0.876734308,0.86661335
RABGAP1,hsa-mir-618,-0.204816048,0.00528786,0.062950719,0.851705701,0.00087624,0.077092879,targetprofiler-NO,targetscan-Yes,miRanda-NO,0.748162395,3.013765832
SLC35A3,hsa-mir-136,-0.22649339,0.001990505,0.03193102,0.83268044,0.001465399,0.095600983,targetprofiler-Yes,targetscan-Yes,miRanda-NO,0.816583649,0.694714543
PDE7A,hsa-mir-23a,0.210490275,0.004131119,0.053158387,-0.871059198,0.000480849,0.060616722,targetprofiler-Yes,targetscan-NO,miRanda-Yes,1.04475884,2.135776331
HNF4A,hsa-mir-154,-0.195234581,0.007910911,0.082529358,0.898580867,0.000170088,0.039547256,targetprofiler-Yes,targetscan-Yes,miRanda-NO,2.488946583,1.314379336
FAT2,hsa-mir-3150b,-0.197599475,0.007173845,0.077250182,0.861078801,0.000662489,0.069037803,targetprofiler-Yes,targetscan-NO,miRanda-NO,2.161596842,11.81214087
SMC3,hsa-let-7c,0.246234325,0.000753455,0.015904266,-0.837363784,0.0012989,0.09104508,targetprofiler-NO,targetscan-NO,miRanda-Yes,1.473393696,0.852622359
ANKRD13A,hsa-mir-29c,0.283968438,9.37E-05,0.003340891,-0.892786927,0.000216521,0.043936751,targetprofiler-NO,targetscan-NO,miRanda-Yes,0.799741073,0.338435325
ZNHIT6,hsa-mir-182,0.199206858,0.006708409,0.073827066,-0.867025906,0.000548993,0.063851112,targetprofiler-NO,targetscan-Yes,miRanda-NO,1.286823741,1.722221601
MYH9,hsa-mir-552,-0.208445127,0.004518785,0.056476771,0.86497985,0.000586233,0.065630774,targetprofiler-NO,targetscan-NO,miRanda-Yes,1.398819845,316.3599725
USP13,hsa-mir-182,0.269233579,0.000219326,0.006394646,-0.835881272,0.001349983,0.092594305,targetprofiler-NO,targetscan-Yes,miRanda-NO,1.261685163,1.722221601
ERC1,hsa-mir-141,0.213773404,0.003571042,0.048023536,-0.895370271,0.000194763,0.042187788,targetprofiler-Yes,targetscan-Yes,miRanda-NO,0.85688196,1.456361288
ANO6,hsa-mir-140,-0.228852554,0.00177971,0.029491685,0.863431484,0.000615658,0.066878569,targetprofiler-NO,targetscan-Yes,miRanda-NO,0.754126941,0.86661335
AK2,hsa-mir-193a,0.27436429,0.000163984,0.005133422,-0.86078184,0.000668586,0.069306529,targetprofiler-NO,targetscan-Yes,miRanda-NO,1.456968083,1.1552916
EXOC5,hsa-mir-140,-0.41434523,5.00E-09,1.03E-06,0.908148022,0.00011046,0.03317573,targetprofiler-NO,targetscan-Yes,miRanda-NO,1.031775087,0.86661335
CLN8,hsa-mir-140,0.267302772,0.000244328,0.006930286,-0.885435166,0.000288634,0.049882974,targetprofiler-NO,targetscan-Yes,miRanda-NO,0.476919148,0.86661335
NPAS4,hsa-mir-335,0.443363686,2.92E-10,8.73E-08,-0.88585455,0.000284088,0.049489601,targetprofiler-NO,targetscan-Yes,miRanda-NO,0.123769949,6.682813493
PAK2,hsa-mir-140,-0.288466595,7.16E-05,0.002713146,0.93408228,2.58E-05,0.018114573,targetprofiler-NO,targetscan-Yes,miRanda-NO,1.713747844,0.86661335
VTI1A,hsa-mir-205,-0.226496695,0.001990194,0.031927785,0.86867354,0.000520329,0.06248027,targetprofiler-NO,targetscan-Yes,miRanda-NO,1.05510851,9.982574008
GPR135,hsa-mir-140,-0.201456279,0.006102276,0.069284231,0.937825714,1.99E-05,0.016483338,targetprofiler-NO,targetscan-Yes,miRanda-NO,0.589231327,0.86661335
